{
  "mean": 0.01105597335845232,
  "std": 0.39245471358299255,
  "median": -0.005881369113922119,
  "q25": -0.25211596488952637,
  "q75": 0.24053379893302917,
  "skewness": 0.6880072355270386,
  "kurtosis": 1.3872790336608887,
  "rmse": 0.39261043071746826,
  "mae": 0.3008119463920593
}