{
  "mean": 0.0203824732452631,
  "std": 0.3919382691383362,
  "median": 0.005301415920257568,
  "q25": -0.24307474493980408,
  "q75": 0.24743932485580444,
  "skewness": 0.6895294189453125,
  "kurtosis": 1.3955678939819336,
  "rmse": 0.3924679160118103,
  "mae": 0.3003823459148407
}