{
  "mean": 0.0025229358579963446,
  "std": 0.3829938769340515,
  "median": -0.012938857078552246,
  "q25": -0.23302000761032104,
  "q75": 0.20606812834739685,
  "skewness": 0.7637709975242615,
  "kurtosis": 2.026827335357666,
  "rmse": 0.3830021619796753,
  "mae": 0.28553953766822815
}