{
  "mean": 0.023758377879858017,
  "std": 0.3960098922252655,
  "median": 0.004517734050750732,
  "q25": -0.24505361914634705,
  "q75": 0.25040358304977417,
  "skewness": 0.8289778828620911,
  "kurtosis": 2.738370895385742,
  "rmse": 0.3967219293117523,
  "mae": 0.3014327585697174
}