{
  "mean": 0.05148430913686752,
  "std": 0.39465993642807007,
  "median": 0.03402352333068848,
  "q25": -0.216854989528656,
  "q75": 0.28163331747055054,
  "skewness": 0.6670446991920471,
  "kurtosis": 1.377866268157959,
  "rmse": 0.3980039060115814,
  "mae": 0.3038661479949951
}