{
  "mean": 0.012226639315485954,
  "std": 0.3921390473842621,
  "median": -0.005321145057678223,
  "q25": -0.25434207916259766,
  "q75": 0.2410004734992981,
  "skewness": 0.6869727373123169,
  "kurtosis": 1.3905043601989746,
  "rmse": 0.3923296332359314,
  "mae": 0.300547331571579
}