{
  "mean": -0.012365569360554218,
  "std": 0.4474871754646301,
  "median": -0.014130592346191406,
  "q25": -0.2711736261844635,
  "q75": 0.22653689980506897,
  "skewness": -0.6953011155128479,
  "kurtosis": 10.838196754455566,
  "rmse": 0.447657972574234,
  "mae": 0.3186028301715851
}