{
  "mean": 0.011794580146670341,
  "std": 0.392292320728302,
  "median": -0.0069100260734558105,
  "q25": -0.2550017535686493,
  "q75": 0.24067926406860352,
  "skewness": 0.6864126920700073,
  "kurtosis": 1.3864836692810059,
  "rmse": 0.392469584941864,
  "mae": 0.30064910650253296
}