{
  "mean": 0.010103307664394379,
  "std": 0.38884609937667847,
  "median": -0.007323145866394043,
  "q25": -0.2418825328350067,
  "q75": 0.224157452583313,
  "skewness": 0.7379631400108337,
  "kurtosis": 2.0614209175109863,
  "rmse": 0.3889773190021515,
  "mae": 0.29305028915405273
}