{
  "mean": -0.002520566573366523,
  "std": 0.39188435673713684,
  "median": -0.01998192071914673,
  "q25": -0.2658153772354126,
  "q75": 0.22574567794799805,
  "skewness": 0.6896111369132996,
  "kurtosis": 1.3883824348449707,
  "rmse": 0.3918924629688263,
  "mae": 0.300803005695343
}