{
  "mean": -0.021167809143662453,
  "std": 0.39385443925857544,
  "median": -0.03727179765701294,
  "q25": -0.2819730341434479,
  "q75": 0.20148488879203796,
  "skewness": 0.7656717300415039,
  "kurtosis": 2.0492610931396484,
  "rmse": 0.39442285895347595,
  "mae": 0.3008405566215515
}