{
  "mean": 0.017703548073768616,
  "std": 0.39221107959747314,
  "median": -0.000874638557434082,
  "q25": -0.25086840987205505,
  "q75": 0.24712514877319336,
  "skewness": 0.6860983967781067,
  "kurtosis": 1.3854990005493164,
  "rmse": 0.39261043071746826,
  "mae": 0.3006277084350586
}