{
  "train_rmses": [
    0.4703434498262667,
    0.4262600584857585,
    0.40647618977457733,
    0.3991291194295687,
    0.3957074720039453,
    0.3954075362906371,
    0.3949179319442545,
    0.39417298722741373,
    0.39396502263588506,
    0.3935616216092116,
    0.39338817684534316,
    0.39296344669717165,
    0.39263532537614365,
    0.3926990776845294,
    0.39203902294115767,
    0.3917559171389323,
    0.3916613946889817,
    0.39147246010673065,
    0.39164898760197747,
    0.39110794080873573
  ],
  "val_rmses": [
    0.3891933195462281,
    0.38734660551629285,
    0.387444419532337,
    0.3894063546745615,
    0.3880088957534595,
    0.3871558643877506,
    0.3901001065969467,
    0.390058148144321,
    0.387521079572087,
    0.389206848191944,
    0.39319608072665607,
    0.38797764674845064,
    0.3871885836971077,
    0.38265502537516033,
    0.38168206870217214,
    0.38416940566491,
    0.38555235077034344,
    0.3841186700896783,
    0.38291902907870035,
    0.39081760529767384
  ],
  "best_rmse": 0.38168206870217214,
  "best_epoch": 15,
  "epochs": 20,
  "learning_rate": 0.001
}