{
  "train_rmses": [
    0.44976606721822454,
    0.41376482630953376,
    0.41022987226318103,
    0.4085513335768905,
    0.4068962103790707,
    0.40622025495203434,
    0.4059089292224052,
    0.40563625538790665,
    0.4044595464798322,
    0.40317146860277703,
    0.40212729890078347,
    0.40178691741942707,
    0.4011912918834856,
    0.40081933108049816,
    0.40074939132554377,
    0.4005430527389131,
    0.40020741661307907,
    0.4001132820430116,
    0.3996549632773314,
    0.39957557354934914
  ],
  "val_rmses": [
    0.3940933933481574,
    0.39759179890494456,
    0.3927612208168615,
    0.3944429559633136,
    0.3975273190404881,
    0.3934028882702643,
    0.3933227804743431,
    0.39612864719873125,
    0.39237159228121693,
    0.3913254300132394,
    0.3894945334812457,
    0.3903976140374487,
    0.39012842083519156,
    0.38853650963441894,
    0.3920470113781365,
    0.3893149630589919,
    0.3876739422028715,
    0.3931172801689668,
    0.39091192329810426,
    0.3890230944380164
  ],
  "best_rmse": 0.3876739422028715,
  "best_epoch": 17,
  "epochs": 20,
  "learning_rate": 0.005
}