{
  "train_rmses": [
    0.5107197462694799,
    0.43293647284125103,
    0.40361674414086574,
    0.39728808329429155,
    0.396285944126434,
    0.395649933725064,
    0.39503094558035556,
    0.3945977940174287,
    0.39424569906848284,
    0.3936903218142126,
    0.39330213940069997,
    0.3932462267690071,
    0.39257072311901425,
    0.39247850011855323,
    0.39217571094529946,
    0.3924597888489973,
    0.3918461774888516,
    0.39135028076433515,
    0.3917418196797371,
    0.39136077228560534
  ],
  "val_rmses": [
    0.39895114031704987,
    0.40046562610024755,
    0.3963174227286469,
    0.40742607990449126,
    0.3910316167907281,
    0.3810100961815227,
    0.38207993732595985,
    0.39150561866435135,
    0.3857996197078716,
    0.3853673378682949,
    0.39273168248209084,
    0.3894008597867055,
    0.3802413650873033,
    0.39082933293486183,
    0.3904317803680897,
    0.38587148927829484,
    0.39116564045914193,
    0.3948240016841076,
    0.3877245523882183,
    0.3903589900583029
  ],
  "best_rmse": 0.3802413650873033,
  "best_epoch": 13,
  "epochs": 20,
  "learning_rate": 0.001
}