{
  "mean": 0.10994599759578705,
  "std": 0.34847211837768555,
  "median": 0.12995851039886475,
  "q25": -0.17699164152145386,
  "q75": 0.30306053161621094,
  "skewness": 0.35450977087020874,
  "kurtosis": -0.17618680000305176,
  "rmse": 0.3654051721096039,
  "mae": 0.2978847026824951
}