{
  "mean": 0.25561895966529846,
  "std": 0.3263850212097168,
  "median": 0.2051759958267212,
  "q25": 0.01032567024230957,
  "q75": 0.458162784576416,
  "skewness": 0.5485134124755859,
  "kurtosis": -0.24243807792663574,
  "rmse": 0.4145699739456177,
  "mae": 0.3111536204814911
}