{
  "epochs": 30,
  "train_rmse": [
    1.5445016622543335,
    1.470155954360962,
    1.3527988195419312,
    1.0921477675437927,
    0.5683518548806509,
    0.7214890917142233,
    0.45255138476689655,
    0.5579163829485575,
    0.5906071464220682,
    0.4616062839825948,
    0.4546106259028117,
    0.4733624756336212,
    0.43912701805432636,
    0.4164494276046753,
    0.45108239849408466,
    0.4302394886811574,
    0.4117329518000285,
    0.4351788063844045,
    0.42566509048144024,
    0.44891660412152606,
    0.4148502250512441,
    0.39977967739105225,
    0.4255308310190837,
    0.39549508690834045,
    0.4167219301064809,
    0.4028063515822093,
    0.428040087223053,
    0.4072003165880839,
    0.4182215730349223,
    0.42883652448654175
  ],
  "val_rmse": [
    1.4116653203964233,
    1.3280410766601562,
    1.1540617942810059,
    0.7133293747901917,
    0.5859763622283936,
    0.34491774439811707,
    0.4268778860569,
    0.5222057104110718,
    0.41792014241218567,
    0.28565722703933716,
    0.32839295268058777,
    0.2971866726875305,
    0.2911962568759918,
    0.32184669375419617,
    0.304170161485672,
    0.28624236583709717,
    0.29674869775772095,
    0.2930960953235626,
    0.2873581647872925,
    0.28810256719589233,
    0.2905556559562683,
    0.300546795129776,
    0.3048097491264343,
    0.3098771274089813,
    0.30747339129447937,
    0.317178875207901,
    0.35529854893684387,
    0.42251884937286377,
    0.43493884801864624,
    0.4145699441432953
  ],
  "best_rmse": 0.28565722703933716,
  "best_epoch": 10
}