{
  "mean": -0.004010378383100033,
  "std": 0.39179515838623047,
  "median": -0.019778311252593994,
  "q25": -0.2676664888858795,
  "q75": 0.2223232388496399,
  "skewness": 0.6916025280952454,
  "kurtosis": 1.4067378044128418,
  "rmse": 0.3918156921863556,
  "mae": 0.3004326820373535
}