{
  "mean": 0.0021241039503365755,
  "std": 0.38637566566467285,
  "median": -0.015822172164916992,
  "q25": -0.2480994462966919,
  "q75": 0.21398276090621948,
  "skewness": 0.7437533140182495,
  "kurtosis": 1.7609338760375977,
  "rmse": 0.3863815367221832,
  "mae": 0.2916554808616638
}