{
  "train_rmses": [
    0.49996906408557185,
    0.43807327175009564,
    0.40872786787884063,
    0.3989733020341936,
    0.396104196237275,
    0.3958428916719388,
    0.39529247103649895,
    0.3946891686328481,
    0.3942356798465687,
    0.3933693625145325,
    0.3932680849634898,
    0.3929887929591459,
    0.39290288726406986,
    0.3921960232414009,
    0.3922735185085174,
    0.39244527210301333,
    0.3919240481364547,
    0.39134733699803814,
    0.39130554791790306,
    0.3913814458786542
  ],
  "val_rmses": [
    0.39185009829022666,
    0.38656782130287454,
    0.3906269020146944,
    0.3980702141469175,
    0.3848698820749467,
    0.38604908191006293,
    0.392101141539487,
    0.3892790134996176,
    0.3867333439094099,
    0.3912776437672702,
    0.3852617699144916,
    0.38954275245354936,
    0.39069857812401926,
    0.3905389414761554,
    0.379692437550561,
    0.38362104970623145,
    0.389239111576568,
    0.37730675122954627,
    0.3835862488062544,
    0.3887827697802674
  ],
  "best_rmse": 0.37730675122954627,
  "best_epoch": 18,
  "epochs": 20,
  "learning_rate": 0.001
}