{
  "train_rmses": [
    0.4746367752715557,
    0.42886426527722543,
    0.407948034750336,
    0.39969140135865805,
    0.397386005385913,
    0.3973863764023421,
    0.3967396175624248,
    0.3962267785651203,
    0.3954477059579517,
    0.3945426244508419,
    0.3949869159603969,
    0.3949167283228886,
    0.3948295691621647,
    0.39471641009154795,
    0.3938888159308414,
    0.3940637184227772,
    0.39379408675538496,
    0.3927518985399003,
    0.39286431926717813,
    0.3918500729365113
  ],
  "val_rmses": [
    0.3922752931883389,
    0.3880858373066241,
    0.40370227193290537,
    0.3892177234996449,
    0.3856110582128167,
    0.38459085808558896,
    0.3913746319541877,
    0.38456645692613994,
    0.3855098636651581,
    0.3805072664029219,
    0.38785445216027176,
    0.38118423386053607,
    0.39114865762266243,
    0.3918652575124394,
    0.3931135094978593,
    0.38980656904591754,
    0.39363216947425494,
    0.383526991375468,
    0.3827322895045985,
    0.38181526569480245
  ],
  "best_rmse": 0.3805072664029219,
  "best_epoch": 10,
  "epochs": 20,
  "learning_rate": 0.001
}