{
  "train_rmses": [
    0.5693593606332366,
    0.43763669481084505,
    0.4224321368790458,
    0.4184896266509476,
    0.41501769151625484,
    0.41358514827138276,
    0.41295582223658045,
    0.4115274030975844,
    0.41087465466540535,
    0.41070849743808413,
    0.4099685845715192,
    0.4097164486456964,
    0.4093286403249157,
    0.4086528152268283,
    0.4085657462293719,
    0.40791748803420647,
    0.40767997908003534,
    0.40762548586059827,
    0.4076558276908715,
    0.4067865574147312
  ],
  "val_rmses": [
    0.5281674826348369,
    0.6247716727243229,
    0.4590087394145402,
    0.4331808430566029,
    0.3951675586233085,
    0.42938293220305984,
    0.4015556565401229,
    0.39928694992241537,
    0.39291756955737417,
    0.39342873179438437,
    0.3923318658701398,
    0.3950213614681905,
    0.39306749488142406,
    0.3951351734047586,
    0.3962355623529716,
    0.3962677706202323,
    0.40380613336508925,
    0.3936223237859932,
    0.40080092525617644,
    0.3925913145596331
  ],
  "best_rmse": 0.3923318658701398,
  "best_epoch": 11,
  "epochs": 20,
  "learning_rate": 0.0005
}