{
  "train_rmses": [
    0.5747162580735399,
    0.44243085208580163,
    0.4255271663963386,
    0.42051624274711713,
    0.4178140606163951,
    0.41689046240310773,
    0.4152033575523047,
    0.41453985217830935,
    0.4130787517880543,
    0.41245689710144806,
    0.41173639112702776,
    0.4111181548266417,
    0.41095857042180495,
    0.41004955122663816,
    0.40966669428168667,
    0.4093879742141614,
    0.4086016997061312,
    0.4082985846594037,
    0.4082616120372453,
    0.40748200527761536
  ],
  "val_rmses": [
    0.48175582323562016,
    0.4227150610902093,
    0.40431711450219154,
    0.4038008363409476,
    0.39913196353749797,
    0.42395238679918373,
    0.39670963178981433,
    0.40024206922812894,
    0.39809525216167624,
    0.39768627658486366,
    0.39705355397679587,
    0.4072750854221257,
    0.40201587128368294,
    0.4012990167195147,
    0.39799710092219437,
    0.40225745127959683,
    0.3992247689854015,
    0.3986877856606787,
    0.4115450825880874,
    0.4010974968021566
  ],
  "best_rmse": 0.39670963178981433,
  "best_epoch": 7,
  "epochs": 20,
  "learning_rate": 0.001
}