{
  "train_rmses": [
    0.48293283371196033,
    0.42879921445221897,
    0.406806982450688,
    0.3990826367289441,
    0.3966589365231157,
    0.3956199095818241,
    0.3955730242534593,
    0.39485536804946525,
    0.39439761399486917,
    0.39410690104765167,
    0.3935068731690631,
    0.3931179508893905,
    0.39292516586957155,
    0.39277659824682687,
    0.39251227056497734,
    0.3925795927950384,
    0.39200063349247305,
    0.3917029099679451,
    0.3920329021410033,
    0.39131654656922704
  ],
  "val_rmses": [
    0.39402320769361476,
    0.38519725254313514,
    0.3887371282855218,
    0.3945879269899292,
    0.3944901864637028,
    0.3933654079552401,
    0.38529934657906945,
    0.3863066441633485,
    0.39102604384110734,
    0.38564682768827135,
    0.39534333255141973,
    0.3946685769002546,
    0.39187196430496196,
    0.3917193306948651,
    0.3904481871392239,
    0.39123696969314053,
    0.3904172531752424,
    0.3906395294788209,
    0.3845563580028035,
    0.39196595685048535
  ],
  "best_rmse": 0.3845563580028035,
  "best_epoch": 19,
  "epochs": 20,
  "learning_rate": 0.001
}