{
  "age_stratification": {
    "<10": {
      "rmse": 0.42635104060173035,
      "mae": 0.3128235340118408,
      "n": 5059,
      "mean_error": -0.04817727953195572
    },
    "10-15": {
      "rmse": 0.3572160601615906,
      "mae": 0.26163166761398315,
      "n": 4586,
      "mean_error": -0.0006876977276988328
    },
    "15-20": {
      "rmse": 0.372920960187912,
      "mae": 0.2847880721092224,
      "n": 1431,
      "mean_error": 0.0929609015583992
    },
    "20-25": {
      "rmse": 0.36972948908805847,
      "mae": 0.2978202700614929,
      "n": 185,
      "mean_error": 0.17684194445610046
    }
  },
  "sex_stratification": {
    "Male": {
      "rmse": 0.394932359457016,
      "mae": 0.2876531183719635,
      "n": 7485,
      "mean_error": -0.006224451586604118
    },
    "Female": {
      "rmse": 0.3856678307056427,
      "mae": 0.2891847789287567,
      "n": 3776,
      "mean_error": -0.009149842895567417
    }
  }
}