{
  "age_stratification": {
    "<10": {
      "rmse": 0.4325278401374817,
      "mae": 0.3266831338405609,
      "n": 5059,
      "mean_error": -0.04832015559077263
    },
    "10-15": {
      "rmse": 0.37072139978408813,
      "mae": 0.2819935977458954,
      "n": 4586,
      "mean_error": 0.005755487363785505
    },
    "15-20": {
      "rmse": 0.386801153421402,
      "mae": 0.30031928420066833,
      "n": 1431,
      "mean_error": 0.10731398314237595
    },
    "20-25": {
      "rmse": 0.37010616064071655,
      "mae": 0.2968401312828064,
      "n": 185,
      "mean_error": 0.16627304255962372
    }
  },
  "sex_stratification": {
    "Male": {
      "rmse": 0.40590566396713257,
      "mae": 0.30677393078804016,
      "n": 7485,
      "mean_error": -0.00035679421853274107
    },
    "Female": {
      "rmse": 0.39290904998779297,
      "mae": 0.30041900277137756,
      "n": 3776,
      "mean_error": -0.008225522935390472
    }
  }
}