{
  "mean": 0.20437674163110026,
  "std": 0.40350866907801186,
  "median": 0.1789989471435547,
  "q25": -0.06590616703033447,
  "q75": 0.4283713102340698,
  "skewness": 0.7902732500283898,
  "kurtosis": 1.5405756605026184,
  "rmse": 0.4523152645454871,
  "mae": 0.3412543409999803
}