{
  "age_stratification": {
    "<10": {
      "rmse": 0.4237295091152191,
      "mae": 0.30742666125297546,
      "n": 5059,
      "mean_error": -0.011872594244778156
    },
    "10-15": {
      "rmse": 0.36088913679122925,
      "mae": 0.2634681463241577,
      "n": 4586,
      "mean_error": 0.03721882775425911
    },
    "15-20": {
      "rmse": 0.38375788927078247,
      "mae": 0.2932819724082947,
      "n": 1431,
      "mean_error": 0.11853276938199997
    },
    "20-25": {
      "rmse": 0.3841013014316559,
      "mae": 0.3075784146785736,
      "n": 185,
      "mean_error": 0.19419296085834503
    }
  },
  "sex_stratification": {
    "Male": {
      "rmse": 0.3961842954158783,
      "mae": 0.287250280380249,
      "n": 7485,
      "mean_error": 0.032007280737161636
    },
    "Female": {
      "rmse": 0.3881140947341919,
      "mae": 0.28868022561073303,
      "n": 3776,
      "mean_error": 0.02028435282409191
    }
  }
}