{
  "mean": -0.039817072678052685,
  "std": 0.3964524705015077,
  "median": -0.0646446943283081,
  "q25": -0.292749285697937,
  "q75": 0.1684490442276001,
  "skewness": 0.8543584768528075,
  "kurtosis": 1.8864160473865086,
  "rmse": 0.3984469357937117,
  "mae": 0.30108157824733184
}