{
  "mean": 0.05511495039355278,
  "std": 0.40350327818432585,
  "median": 0.027608633041381836,
  "q25": -0.2170114517211914,
  "q75": 0.28005921840667725,
  "skewness": 0.8110923868398401,
  "kurtosis": 1.5283703015165715,
  "rmse": 0.40724998865854034,
  "mae": 0.30715422868072306
}