{
  "sex_stratification": {
    "F": {
      "rmse": 0.3885480463504791,
      "mae": 0.2904227375984192,
      "n": 3776,
      "mean_error": 0.008603754453361034
    },
    "M": {
      "rmse": 0.3987291753292084,
      "mae": 0.29248276352882385,
      "n": 7485,
      "mean_error": 0.013778826221823692
    }
  }
}