{
  "mean": -0.02369842286029894,
  "std": 0.3994780954034132,
  "median": -0.04851984977722168,
  "q25": -0.2829991579055786,
  "q75": 0.1866084337234497,
  "skewness": 0.8483325799396344,
  "kurtosis": 1.7826495933044795,
  "rmse": 0.4001804142548759,
  "mae": 0.3021174436161355
}