{
  "sex_stratification": {
    "F": {
      "rmse": 0.3935074210166931,
      "mae": 0.30025753378868103,
      "n": 3776,
      "mean_error": 0.0021048409398645163
    },
    "M": {
      "rmse": 0.40727031230926514,
      "mae": 0.3076968491077423,
      "n": 7485,
      "mean_error": 0.00840758066624403
    }
  }
}