{
  "mean": -0.021253427548980578,
  "std": 0.39554956450099177,
  "median": -0.04797470569610596,
  "q25": -0.270302414894104,
  "q75": 0.1841341257095337,
  "skewness": 0.8629457016943314,
  "kurtosis": 1.9437249453371859,
  "rmse": 0.39612014106771193,
  "mae": 0.29704296444398387
}