{
  "mean": 0.006294166768658977,
  "std": 0.4026586246914532,
  "median": -0.018426895141601562,
  "q25": -0.2614845037460327,
  "q75": 0.22766947746276855,
  "skewness": 0.7948232908679973,
  "kurtosis": 1.567642527712338,
  "rmse": 0.4027078153869431,
  "mae": 0.3052023149819709
}