{
  "sex_stratification": {
    "F": {
      "rmse": 0.38990458846092224,
      "mae": 0.29374435544013977,
      "n": 3776,
      "mean_error": -0.0030288402922451496
    },
    "M": {
      "rmse": 0.39943331480026245,
      "mae": 0.29615557193756104,
      "n": 7485,
      "mean_error": 0.004170280881226063
    }
  }
}