{
  "train_rmses": [
    0.4732301529747305,
    0.42835151928442494,
    0.4074406947005433,
    0.399184480554773,
    0.3961429003171306,
    0.3954876901681531,
    0.3952963455836959,
    0.39464493211363894,
    0.3942306055412698,
    0.3939970977124036,
    0.3931332385609506,
    0.392927522215333,
    0.3925007895882074,
    0.39268577370705754,
    0.39218286368663746,
    0.39231383571572426,
    0.3917169764290458,
    0.39135415794836315,
    0.39105255868086597,
    0.3908871142257552
  ],
  "val_rmses": [
    0.3925802825357426,
    0.3876137680966746,
    0.3919042924588377,
    0.39019658729772677,
    0.39468001887540927,
    0.3845310586250641,
    0.3992976506494663,
    0.390576380897652,
    0.3868567376312884,
    0.3884495777839964,
    0.387931951998987,
    0.3814518946138295,
    0.38513831540264865,
    0.38311002776026726,
    0.38396665631708776,
    0.3829943017018112,
    0.3913637442852963,
    0.38273709766905417,
    0.39064848296005616,
    0.38942809987135907
  ],
  "best_rmse": 0.3814518946138295,
  "best_epoch": 12,
  "epochs": 20,
  "learning_rate": 0.001
}