{
  "train_rmses": [
    0.4986967396997784,
    0.43561273148929797,
    0.4066197206617546,
    0.39717517415028375,
    0.39605612561249764,
    0.39547333051801875,
    0.39461114353644666,
    0.39459319933942316,
    0.3941082140464024,
    0.3936302079544473,
    0.39337896898041375,
    0.3929404401934523,
    0.3923930820123649,
    0.39242309804070635,
    0.39176912415665366,
    0.3923477442585065,
    0.39149390942888496,
    0.39154487405743943,
    0.39115127944611067,
    0.39102880206005075
  ],
  "val_rmses": [
    0.40709332495250483,
    0.3856900312345136,
    0.3874877287413586,
    0.3842141033912247,
    0.390697181224823,
    0.38544815414669836,
    0.3888499368490143,
    0.38374162490733643,
    0.3920563329011202,
    0.3836800277402455,
    0.3909671964462508,
    0.3818423328074542,
    0.3787970414215868,
    0.39022849508645857,
    0.3796798757023432,
    0.3898327386176044,
    0.3842693714594299,
    0.3874924077059735,
    0.3837342977693135,
    0.37958698033947835
  ],
  "best_rmse": 0.3787970414215868,
  "best_epoch": 13,
  "epochs": 20,
  "learning_rate": 0.001
}