{
  "train_rmses": [
    0.47848707282167074,
    0.418335392417077,
    0.4140374885337997,
    0.41192751910297304,
    0.4101256022360099,
    0.4090325263915239,
    0.40827448805091476,
    0.4076933391463773,
    0.40705325651724805,
    0.4067155008903093,
    0.40601306131674264,
    0.4043686523399889,
    0.4031897975011781,
    0.4020883878194746,
    0.40121689369322017,
    0.4004534432672179,
    0.3999663035197513,
    0.3996460002595342,
    0.3990492325567414,
    0.39897481512549154
  ],
  "val_rmses": [
    0.3955260146917267,
    0.39555471729148517,
    0.39381446630101313,
    0.4489942418242043,
    0.39605905691331084,
    0.42825825385410676,
    0.39324800873344595,
    0.39237759626385843,
    0.3927791763774373,
    0.4674239209429784,
    0.41618198283355345,
    0.3913979127325795,
    0.39064632381566544,
    0.39075190667063,
    0.3903036629781127,
    0.41254608561708167,
    0.3894960487430746,
    0.3927999986335635,
    0.39208635772493755,
    0.40725949101827363
  ],
  "best_rmse": 0.3894960487430746,
  "best_epoch": 17,
  "epochs": 20,
  "learning_rate": 0.002
}