{
  "train_rmses": [
    0.40771744407417027,
    0.399331721810647,
    0.3974899902878475,
    0.39622927867949254,
    0.39515056605201687,
    0.39416992155367453,
    0.39314343889636105,
    0.39280748369353624,
    0.3926234722689346,
    0.3923989885751112,
    0.39166993838932945,
    0.3911590756253123,
    0.3912899202075678,
    0.3908560160542385,
    0.39053414052733015,
    0.39024759001202053,
    0.390603146026491,
    0.38997663475767247,
    0.3895785394744291,
    0.3895265347080303
  ],
  "val_rmses": [
    0.39117678949101403,
    0.3895483391190117,
    0.38648892820558767,
    0.3900740108537403,
    0.3811999499289827,
    0.39012726667252456,
    0.3872276821427725,
    0.3774920856072144,
    0.38982031316581095,
    0.39458737564696506,
    0.38993114893409336,
    0.38260334002023394,
    0.38812724026766693,
    0.38458304725248704,
    0.381475709463385,
    0.38742735203016887,
    0.38667822823944414,
    0.3842118624597788,
    0.38311932007358834,
    0.3851306807588447
  ],
  "best_rmse": 0.3774920856072144,
  "best_epoch": 8,
  "epochs": 20,
  "learning_rate": 0.001
}