{
  "train_rmses": [
    0.5145926737777163,
    0.4218357051269181,
    0.41676460412958194,
    0.41496708658006454,
    0.4126890780013285,
    0.4112944738691563,
    0.41042875039642895,
    0.40956310555849873,
    0.40894532138264555,
    0.4083741153341262,
    0.4080077634590316,
    0.40754442002792907,
    0.4073534182723821,
    0.4072488603911609,
    0.40687248235458534,
    0.40684784033089183,
    0.40638578340758674,
    0.40609553533980547,
    0.40637533986028823,
    0.40591514844380944
  ],
  "val_rmses": [
    0.42351599308577453,
    0.4093648288398981,
    0.40460026094859297,
    0.42099332640116865,
    0.3928212755444375,
    0.3949869131161408,
    0.398611991496926,
    0.39870661607181485,
    0.39595282526517456,
    0.392406906763261,
    0.3930276267399842,
    0.40411396883428097,
    0.42583288497884164,
    0.4045844235542146,
    0.40102749394083564,
    0.39376778553493996,
    0.4135590105910193,
    0.3924345920201052,
    0.3929988296533173,
    0.39793228383430024
  ],
  "best_rmse": 0.392406906763261,
  "best_epoch": 10,
  "epochs": 20,
  "learning_rate": 0.001
}