{
  "train_rmses": [
    0.45690266571335997,
    0.4256336996216833,
    0.41103669780272023,
    0.4032919241015803,
    0.39923694066509136,
    0.3977115063305908,
    0.3971590748049104,
    0.396801955333626,
    0.39601673877737975,
    0.3958060169906773,
    0.3949067490826909,
    0.39453107020491923,
    0.39436813015669625,
    0.39388657113938336,
    0.39366735021273297,
    0.39329858408379786,
    0.3933319406908399,
    0.3931472252630239,
    0.3933329264977014,
    0.3926042096972956
  ],
  "val_rmses": [
    0.39454237363216554,
    0.39079257828945463,
    0.39287742523645813,
    0.3933300899172371,
    0.3907242960042574,
    0.3892379575832324,
    0.38563609470359306,
    0.38940044721080497,
    0.3990243514999747,
    0.3855495677244934,
    0.3892800353298133,
    0.3834914862262932,
    0.3924357152797959,
    0.3899045361375267,
    0.38115288283337245,
    0.3907579718665643,
    0.39353246588937263,
    0.3991954852403565,
    0.38854463068260386,
    0.3863668422299353
  ],
  "best_rmse": 0.38115288283337245,
  "best_epoch": 15,
  "epochs": 20,
  "learning_rate": 0.001
}