{
  "mean": -0.0300317220389843,
  "std": 0.40577322244644165,
  "median": -0.05640733242034912,
  "q25": -0.3060387372970581,
  "q75": 0.19793343544006348,
  "skewness": 0.7864055633544922,
  "kurtosis": 1.4704275131225586,
  "rmse": 0.40688303112983704,
  "mae": 0.3129505515098572
}