{
  "mean": -0.041920799762010574,
  "std": 0.3940623104572296,
  "median": -0.06786930561065674,
  "q25": -0.2862972021102905,
  "q75": 0.15903615951538086,
  "skewness": 0.8935409784317017,
  "kurtosis": 2.1268796920776367,
  "rmse": 0.39628586173057556,
  "mae": 0.29689475893974304
}