{
  "mean": -0.013700578361749649,
  "std": 0.3963095247745514,
  "median": -0.037990450859069824,
  "q25": -0.2636289596557617,
  "q75": 0.19010794162750244,
  "skewness": 0.8569570779800415,
  "kurtosis": 1.9535069465637207,
  "rmse": 0.39654624462127686,
  "mae": 0.2964068353176117
}