{
  "train_rmses": [
    0.4808995099265552,
    0.43147718515988076,
    0.4089762667201674,
    0.39974863831316654,
    0.3964254123724701,
    0.3952146015948883,
    0.3948280132887949,
    0.39418121256619,
    0.39346131970607695,
    0.3930673825622259,
    0.3931650169633216,
    0.39223385848544423,
    0.3920599820375933,
    0.39173168915902634,
    0.3916604399517567,
    0.391267920012582,
    0.39088978993467505,
    0.39103130999293345,
    0.3908898067061466,
    0.3908967985190318
  ],
  "val_rmses": [
    0.3914067315107042,
    0.3918960312042724,
    0.38863193294541404,
    0.39961841431531037,
    0.3863023611801592,
    0.39043039887804876,
    0.38162381430579856,
    0.3827624481002038,
    0.3852614786645228,
    0.38292718009853904,
    0.3842346338047223,
    0.39082068272612314,
    0.3851571185514331,
    0.38201027414338157,
    0.38140479441393504,
    0.3841151044788686,
    0.3915814057161862,
    0.3837633084675128,
    0.3919530112973668,
    0.3763896209949797
  ],
  "best_rmse": 0.3763896209949797,
  "best_epoch": 20,
  "epochs": 20,
  "learning_rate": 0.001
}