{
  "train_rmses": [
    0.46092537934131744,
    0.4136951559099314,
    0.4105603353354175,
    0.40839797804650785,
    0.4069207934675475,
    0.40669918119069315,
    0.40583856551510644,
    0.4049426593622308,
    0.4048428846055588,
    0.40424113012901386,
    0.4041879749939929,
    0.40380792018787526,
    0.4035509918932643,
    0.4034364173043167,
    0.403237377798034,
    0.4033435701567613,
    0.403143583987271,
    0.40304867483787904,
    0.4025811711977784,
    0.4011283808212794
  ],
  "val_rmses": [
    0.4311901884238151,
    0.39268906736238435,
    0.391350733962926,
    0.3881070125763389,
    0.42452207626774907,
    0.407965897963467,
    0.38825406515124167,
    0.38844682729210367,
    0.4322198737751354,
    0.5299379897557877,
    0.4013263225047426,
    0.4729229312982749,
    0.4216344350610267,
    0.3981965581717139,
    0.4653305538337339,
    0.5026531278748404,
    0.3907784702764316,
    1.849525125189261,
    0.4001641874201596,
    0.5782134330154143
  ],
  "best_rmse": 0.3881070125763389,
  "best_epoch": 4,
  "epochs": 20,
  "learning_rate": 0.001
}