{
  "train_rmses": [
    0.5167241584616924,
    0.42291587546202053,
    0.4164059901883409,
    0.41405565405088196,
    0.4124286009205712,
    0.4110939988179135,
    0.41018233784514035,
    0.40932206300551016,
    0.4083382652047894,
    0.40694975619944035,
    0.40599218104928936,
    0.40460496985536215,
    0.4031345674612231,
    0.40281591544998363,
    0.4018236489555146,
    0.4010230037901137,
    0.400509102783576,
    0.39999076128210387,
    0.39941372952343507,
    0.39906585929897426
  ],
  "val_rmses": [
    0.40507943902842025,
    0.41946279841729184,
    0.39453761288049544,
    0.3942906241863966,
    0.4020785555582155,
    0.39419344143772667,
    0.3932277210564776,
    0.3989725010469556,
    0.39837386061183433,
    0.3930479915473949,
    0.39427441129968926,
    0.3907307108694857,
    0.4006128136745908,
    0.3937656748193232,
    0.39125788931480865,
    0.389253946359862,
    0.3900041114538908,
    0.4029568016359752,
    0.3908591741188006,
    0.38934288470243866
  ],
  "best_rmse": 0.389253946359862,
  "best_epoch": 16,
  "epochs": 20,
  "learning_rate": 0.001
}