{
  "train_rmses": [
    0.4255488817215947,
    0.4104387397342585,
    0.4069114735832921,
    0.4045327034343254,
    0.4020813618913109,
    0.4007480355038401,
    0.39934910046874417,
    0.39789414600007983,
    0.3962158104826393,
    0.39538993875512696,
    0.39484721450812205,
    0.39439763759348456,
    0.3936463995889054,
    0.3930640186301965,
    0.3922382584978687,
    0.3919200264172953,
    0.3917094733775561,
    0.39127159004185263,
    0.39059589764381797,
    0.39051372865508777
  ],
  "val_rmses": [
    0.3993965908885002,
    0.39055307217958296,
    0.3857785357501019,
    0.3877301264384931,
    0.3963827177543532,
    0.39342062031342223,
    0.38938711515881796,
    0.39215739215300843,
    0.39129810043695296,
    0.3828962682323022,
    0.3821068416264924,
    0.3806869507005269,
    0.38533137408508494,
    0.39335689041763544,
    0.39317520055919886,
    0.3882437449117953,
    0.3901153893463991,
    0.3945909139107574,
    0.38443246576935053,
    0.39103173481469805
  ],
  "best_rmse": 0.3806869507005269,
  "best_epoch": 12,
  "epochs": 20,
  "learning_rate": 0.001
}