{
  "train_rmses": [
    0.4631517051178732,
    0.43198683318287256,
    0.414580664516967,
    0.4048172925255263,
    0.39973454854983853,
    0.3971876100789045,
    0.3949824728797329,
    0.39432239249369083,
    0.3933499523110187,
    0.39294405205913696,
    0.3928578943320753,
    0.3925413685673222,
    0.39219144800235867,
    0.3920379010819931,
    0.3917077633824368,
    0.3914663418309842,
    0.3914047404408291,
    0.39078902987704517,
    0.3909084879894152,
    0.3907757435397683
  ],
  "val_rmses": [
    0.39262832794338465,
    0.3898257681761276,
    0.3932973933829503,
    0.39295281198891724,
    0.38484280641106045,
    0.3921210179105401,
    0.38758951747281983,
    0.3849436899816448,
    0.3996385916728865,
    0.39158040149645373,
    0.38704228739846835,
    0.38785107171332295,
    0.38055106142366474,
    0.3832488117570227,
    0.38019221276044846,
    0.37789944068274717,
    0.3884146574207328,
    0.39359849733723834,
    0.3852679803120819,
    0.38962939186868345
  ],
  "best_rmse": 0.37789944068274717,
  "best_epoch": 16,
  "epochs": 20,
  "learning_rate": 0.001
}