{
  "train_rmses": [
    0.4802394452695166,
    0.42893247214364416,
    0.40654440655466295,
    0.3983856233549707,
    0.39624118486059057,
    0.3955838032301888,
    0.39525287803799036,
    0.39488150436937075,
    0.39411709352367047,
    0.3937039777779612,
    0.39294575076085225,
    0.3930333913680784,
    0.39249416224055494,
    0.3923619356624711,
    0.3918917303795023,
    0.39150816482199235,
    0.39166826935707294,
    0.391630980376517,
    0.39166041869358437,
    0.3910005584829302
  ],
  "val_rmses": [
    0.41129379914226855,
    0.3878981829197569,
    0.39249487983232195,
    0.39071317118677223,
    0.3873166552829472,
    0.393531852401793,
    0.38173221034759824,
    0.3837675962766463,
    0.38067591545934026,
    0.3802838666703213,
    0.38110417559404264,
    0.38243750110268593,
    0.38867902950468386,
    0.3890492453832518,
    0.3843675867061723,
    0.39044145037504757,
    0.38296877601268614,
    0.38001618991521274,
    0.3844239365478808,
    0.3816196773709221
  ],
  "best_rmse": 0.38001618991521274,
  "best_epoch": 18,
  "epochs": 20,
  "learning_rate": 0.001
}