{
  "mean": 0.011471451260149479,
  "std": 0.38240909576416016,
  "median": -0.0061511993408203125,
  "q25": -0.23050478100776672,
  "q75": 0.21739327907562256,
  "skewness": 0.7680566310882568,
  "kurtosis": 1.8920612335205078,
  "rmse": 0.3825811445713043,
  "mae": 0.28655725717544556
}