{
  "train_rmses": [
    0.46850273528216796,
    0.42596000841779147,
    0.40646412373815544,
    0.39882507298872466,
    0.39601953869330375,
    0.39567417094409874,
    0.39485151280836805,
    0.39444569534071516,
    0.3938629493137773,
    0.39351202814299385,
    0.3931679655024871,
    0.3928825748555454,
    0.39308925698650554,
    0.39263754446360966,
    0.3922519920335058,
    0.39202769554446265,
    0.3918487040021946,
    0.39190762780289917,
    0.39178462716941154,
    0.39168492785370074
  ],
  "val_rmses": [
    0.3923539068888534,
    0.3871825095266104,
    0.38694448802958836,
    0.3914052148095586,
    0.3897518680684946,
    0.37997479406608775,
    0.38722634044560517,
    0.3861123528331518,
    0.38287897695871914,
    0.3846681256016547,
    0.39598373357545247,
    0.4021195978434248,
    0.38891525380313396,
    0.3893949602815238,
    0.3925243347713893,
    0.38263836299831216,
    0.38146683844653045,
    0.37988317613913253,
    0.3939633078195832,
    0.3889536586674777
  ],
  "best_rmse": 0.37988317613913253,
  "best_epoch": 18,
  "epochs": 20,
  "learning_rate": 0.001
}